{
  "train_loss": [
    0.32565071769058707,
    0.22583105866797268,
    0.20581002659164369,
    0.19697434590198099,
    0.17747460827231407,
    0.17708890773355962,
    0.16766621407587082,
    0.1512095510493964,
    0.1525056848069653,
    0.1367356077535078,
    0.14194711316376923,
    0.14340291493572294,
    0.13638984253630043,
    0.1347781035117805,
    0.12293135053478181,
    0.13633096453268082,
    0.12098041370045394,
    0.11595634177792817,
    0.1338556912727654,
    0.11438699513673782,
    0.10668910706881433,
    0.10883748901542276,
    0.11315822075121104,
    0.10146571977529675,
    0.11748736160807312,
    0.10366351613774896,
    0.103819965175353,
    0.09851483409292996,
    0.10190973901189863,
    0.1014512563822791,
    0.10055806944146753,
    0.1065400854917243,
    0.11134945529047399,
    0.09471452657599003,
    0.10195075690280646,
    0.0978634305531159,
    0.1041888415114954,
    0.1038296481827274,
    0.10055117711890489,
    0.09360116494353861,
    0.10649322732351721,
    0.10252596118953079,
    0.08935821261256933,
    0.09887108935508877,
    0.093533680238761,
    0.10346602632198483,
    0.10777539047412574,
    0.09188750528264791,
    0.10668801609426737,
    0.09286050393711776,
    0.10979425180703402,
    0.08283372023142874,
    0.09595328320283443,
    0.08450074037536978,
    0.0999886687612161,
    0.0924089573789388,
    0.08530000182799995,
    0.08905929063912481,
    0.08111398187465965,
    0.08795691886916757,
    0.08320345019455999,
    0.08541215159930289,
    0.08597159420605749,
    0.08460335794370621,
    0.08620979443658143,
    0.08802826963365078
  ],
  "val_loss": [
    0.5755493633449078,
    0.5723027303814888,
    0.5514975748956203,
    0.5633477374911309,
    0.5385291688144207,
    0.5253720782697201,
    0.5576156444847584,
    0.5405998811125755,
    0.552041707932949,
    0.4891398325562477,
    0.49852884858846663,
    0.5496112734079361,
    0.5318394809961319,
    0.5262360408902168,
    0.5123572796583176,
    0.5368646487593651,
    0.5254746116697788,
    0.5393081769347191,
    0.5168341524899006,
    0.5035275839269161,
    0.5321588091552257,
    0.4845784604549408,
    0.48818292245268824,
    0.4899864040315151,
    0.5025892451405525,
    0.4997188672423363,
    0.49584242776036264,
    0.47621455118060113,
    0.4922334119677544,
    0.4658824600279331,
    0.4780558034777641,
    0.521600566804409,
    0.4824611857533455,
    0.48495914563536646,
    0.4580653615295887,
    0.45239956080913546,
    0.450109438598156,
    0.4436196699738503,
    0.47113176211714747,
    0.4640422359108925,
    0.4230875752866268,
    0.4716462165117264,
    0.48892957866191866,
    0.457689668238163,
    0.47805833593010905,
    0.44515100568532945,
    0.46658381819725037,
    0.4454614996910095,
    0.4562399312853813,
    0.4998647183179855,
    0.4635308302938938,
    0.4587429441511631,
    0.4623073749244213,
    0.43272417560219767,
    0.42690496146678925,
    0.4828425653278828,
    0.45901449471712114,
    0.4416786327958107,
    0.475958551466465,
    0.4583086080849171,
    0.4648379608988762,
    0.4465881161391735,
    0.4541557766497135,
    0.44930380806326864,
    0.4711679331958294,
    0.46498492136597636
  ]
}