{
  "train_loss": [
    0.15751312859356403,
    0.07565820196177811,
    0.06459993897005915,
    0.05792696347925812,
    0.05463437030557543,
    0.05099711278453469,
    0.04967610617168248,
    0.0480238676071167,
    0.04615951486630365,
    0.04497784993145615,
    0.04479986736550927,
    0.04331139429705218,
    0.04217563612619415,
    0.04171404148219153,
    0.04038901656167582,
    0.04013608917593956,
    0.04054685634328052,
    0.03942727508256212,
    0.03893927013268694,
    0.03784063272178173,
    0.037543602357618513,
    0.03698984863003716,
    0.03677587270503864,
    0.036866044998168944,
    0.0352796962717548,
    0.035470005345996466,
    0.035826495208311826,
    0.03507412476465106,
    0.03488871320150792,
    0.03399608829058707,
    0.033755121869035065,
    0.033782881300430743,
    0.03394993687979877,
    0.03214285691501573,
    0.03456817406695336,
    0.03153608638094738,
    0.03133538474794477,
    0.03153011550894007,
    0.03130596267292276,
    0.030899547634180635,
    0.03025597349042073,
    0.03028193424688652,
    0.03010824965313077,
    0.029543001030106097,
    0.030151430645491927,
    0.029769021831452847,
    0.029627144068945198,
    0.02971185961505398,
    0.03009940639603883,
    0.029266181972343475,
    0.028579669119790197,
    0.028999258857220413,
    0.029308865952771157,
    0.02844121545786038,
    0.02867845440050587,
    0.028835612756665796,
    0.028370857262052594,
    0.028824571054428816,
    0.028283012134488673,
    0.027398550871293992,
    0.02744468916207552,
    0.02744074441725388,
    0.026704380253795533,
    0.027494612894952298,
    0.027116564591415225,
    0.027972194575704636,
    0.027642359002493323,
    0.02674325357656926,
    0.026913013483863324,
    0.02726148470537737,
    0.026945221610367297,
    0.026559189998079092,
    0.02617222972912714,
    0.027645861357450487,
    0.026739809662103653,
    0.026986885687801988,
    0.026300312962848692,
    0.026552960264962167,
    0.026741535030305387,
    0.026300460414495318,
    0.02650036234408617,
    0.026368915184866636,
    0.026806390145793557,
    0.025553163315635175,
    0.026507478766143323,
    0.02623015366261825,
    0.02686376931378618,
    0.025359474669676273,
    0.025900868780445306,
    0.025704418716486543,
    0.025658952246885747,
    0.02554450979223475,
    0.02575271053938195
  ],
  "val_loss": [
    0.025736204395070673,
    0.016191565501503646,
    0.013853988866321743,
    0.01330875422572717,
    0.010448651923798024,
    0.009527766366954894,
    0.009894874540623277,
    0.009186293615493923,
    0.009321023058146239,
    0.008483713492751122,
    0.008733223099261523,
    0.00904317267704755,
    0.007970620063133538,
    0.008281863911543041,
    0.009067113907076419,
    0.0073685626848600805,
    0.008267402381170541,
    0.007739373377989978,
    0.007706466945819557,
    0.008281169389374555,
    0.0069219965662341565,
    0.007410347426775843,
    0.0072220055270008745,
    0.00738337796065025,
    0.0071258413372561336,
    0.005538767256075517,
    0.006828520633280277,
    0.00680636967299506,
    0.006512322975322604,
    0.007614047673996538,
    0.006268149870447814,
    0.0060584963823203,
    0.007667463587131352,
    0.007257278473116457,
    0.006058908626437187,
    0.006127787625882774,
    0.005629321682499721,
    0.007311426341766491,
    0.006113011774141341,
    0.005605950491735711,
    0.006198623712407425,
    0.005411935743177309,
    0.005012668209383264,
    0.006144152500201017,
    0.0055258293228689585,
    0.005507407983532176,
    0.005298699956620112,
    0.00531582638504915,
    0.00599603641894646,
    0.0054401295026764275,
    0.004770712251774967,
    0.005537687288597226,
    0.005285189463756978,
    0.00522993117920123,
    0.005518050980754197,
    0.005886636202922091,
    0.007397141098044813,
    0.006017308024456725,
    0.005553988204337656,
    0.006089029356371611,
    0.004674920614343136,
    0.005210629920475185,
    0.004620290879392997,
    0.005487213446758688,
    0.0050786969368346035,
    0.004477518593193963,
    0.005181407008785754,
    0.004591953149065376,
    0.005540212558116764,
    0.00520906233577989,
    0.006141280330484733,
    0.005123578367056325,
    0.004446076165186242,
    0.006095632730284706,
    0.005304164532572031,
    0.005257832625648007,
    0.005744878208497539,
    0.004836948163574562,
    0.004995636909734457,
    0.00489491950138472,
    0.005028115556342527,
    0.005350435012951493,
    0.005518407357158139,
    0.005029287963407114,
    0.005643885268364101,
    0.005227435630513355,
    0.005212637787917629,
    0.0061740482808090745,
    0.0049031968927010896,
    0.0048407447233330455,
    0.005718389293178916,
    0.005414018128067255,
    0.004827479447703809
  ]
}